{
  "project_info": {
    "project_number": "382397844878",
    "project_id": "allntrack",
    "storage_bucket": "allntrack.appspot.com"
  },
  "client": [
    {
      "client_info": {
        "mobilesdk_app_id": "1:382397844878:android:a354e58ed3f81cad9468df",
        "android_client_info": {
          "package_name": "com.example.allntrack"
        }
      },
      "oauth_client": [],
      "api_key": [
        {
          "current_key": "AIzaSyAn-Y2ilbLFDYU1G7CVhmLrt0W3wBOOV2A"
        }
      ],
      "services": {
        "appinvite_service": {
          "other_platform_oauth_client": []
        }
      }
    }
  ],
  "configuration_version": "1"
}